channel_id,channel_title,start_date,video_count,view_count,subscriber_count
UC2t9imwIR7xlDfma3CmRKJQ,T Sports,2020-10-02T06:43:03.408024Z,14819,785671940,4330000
UCCLdGxMC4fwkaQ4AIcL7Z8w,A Sports,2016-12-22T11:40:02Z,2615,309695531,998000
UCNAf1k0yIjyGu3k9BwAg3lg,Sky Sports Premier League,2015-07-06T11:11:54Z,10715,3898162997,4830000
UCmEgRY1A2263UXrQhjDuU0Q,Sports Digitale,2019-09-17T08:14:58Z,2721,122005864,446000
UCJUCcJUeh0Cz2xyKwkw5Q1w,beIN SPORTS,2014-02-21T08:25:40Z,5265,1373454279,11200000
UC4i_9WvfPRTuRWEaWyfKuFw,TNT Sports,2013-01-02T14:09:35Z,13478,3481324860,5280000
UCpdSUUHlxMjO0c5824FGcsA,S Sport,2018-02-21T09:49:16Z,16959,463985687,1310000
UC9xeuekJd88ku9LDcmGdUOA,Kplus Sports,2019-08-15T04:49:59Z,11209,2460868921,2860000
UCrcATWZGF_p53r38i6VK0eA,Sri Lankan Sports TV,2019-10-24T04:09:51.789207Z,217,469916,8260
UCcw05gGzjLIs5dnxGkQHMvw,Sky Sports News,2017-08-03T09:36:40Z,8182,642459655,1150000
UCpju9XlLS_bkhDK_70wpf0A,Sky Sports Retro,2019-08-02T15:20:50Z,1783,334982630,487000
UC0jPwNs4B7yJySNewHan5hQ,Optus Sport,2016-10-14T02:22:32Z,6670,233650997,629000
UC_JQGBtA7P0RwkRxd7xpJcA,Sky Sports Boxing,2018-01-25T15:24:32Z,3533,704316160,1240000
UCW6-BQWFA70Dyyc7ZpZ9Xlg,BBC Sport,2016-05-13T21:01:12Z,2134,185773811,704000
UCi9ACGG8NptsQhaMyezITEw,Yahoo! Sports,2014-08-08T20:00:31Z,5294,203054443,259000
UCqfCJBfrFSO4tZM1LNZTBFQ,Claro Sports,2013-12-05T21:50:21Z,14816,333707202,3360000
UCja8sZ2T4ylIqjggA1Zuukg,CBS Sports,2007-07-19T10:28:44Z,24305,783106618,793000
UCTj2CVogkBMbPejYWPh9GmA,Viaplay Sports UK,2011-08-24T11:55:39Z,2355,74531293,107000
UCs-6sCz2LJm1PrWQN4ErsPw,TNT Sports Brasil,2009-10-30T00:30:39Z,6991,2661398591,10700000
UC72ZaBKI-Bo5fjmWEYonhJw,TyC Sports,2013-04-18T14:39:48Z,10523,1105611861,2340000
UCcUNb8BqXELdOXwerFVsw9w,Sports Team,2016-06-09T11:18:11Z,11,4798771,12700
UCRm-DLbhzojKd10edotYxMg,France tv sport,2014-02-03T10:17:27Z,2331,277195385,713000
UCueOZEvMffxjJyVO1fGiJNQ,Ziggo Sport,2014-05-28T12:50:42Z,8793,754354811,651000
UCWSsHdxrwVLlOSdPJ44y9sw,DSports,2011-08-23T17:04:26Z,7114,432364064,721000
UCAvNr5DMVncoJnJAotXOjOQ,Sky Sport,2021-06-08T12:19:59.952129Z,17828,516674033,613000
UCtybqqaTj6Nx74Azdz1KrsA,tvN SPORTS,2021-05-25T03:05:06.822097Z,5145,552609354,616000
UCTv-XvfzLX3i4IGWAm4sbmA,LALIGA EA SPORTS,2006-07-13T23:41:14Z,45199,3020014777,9970000
UC-hWvVvE-crFl5vg5G8QbqA,TNT Sports Boxing,2018-10-16T13:59:25Z,2410,573791669,936000
UCWWgpzVOfXWw6GpCCgK6mKA,Syracuse Orange sports on syracuse.com,2016-11-30T15:16:36Z,1308,3698744,4570
UCv5306tE1yjLn1D31PL7kFA,Just Women's Sports,2019-05-05T20:50:18Z,780,60912900,94400
UCPpddbTbOr_uWWQT9Pw1rbA,EA SPORTS MADDEN NFL,2006-03-06T20:30:17Z,2645,251057780,756000
UCLydKeNR8rf-yoUu9J2acMg,EA SPORTS NHL,2015-07-10T21:26:18Z,72,8880427,54800
UCI5RY8G0ar-hLIaUJvx58Lw,TNT Sports Argentina,2017-05-11T12:20:08Z,31607,548957608,1250000
UCPe9vNjHF1kEExT5kHwc7aw,beIN SPORTS T√ºrkiye,2013-11-23T13:11:05Z,9160,1061247351,1750000
UC5wLgaM_2UNaCKUPGOTUjaw,365 Sports,2016-08-11T22:18:40Z,6655,24283957,38600
UCTAbErxvDbPvBmFgW2lF1Cg,SPORTS UZ,2017-01-08T11:42:10Z,1937,51250730,336000
UCFPoJNd0d4k1H9A6UOlikcg,SHOWTIME Sports,2007-09-06T20:50:15Z,3854,828491151,1840000
UChCovZlgNh2x6Z57MJ5fhFw,TNT Sports Chile,2014-09-17T18:15:09Z,9315,226283106,631000
UCOGxnF5dWQtoEz6E-msabZA,CBC Sports,2013-11-16T22:48:47Z,8583,167598493,184000
UC-fzWbU1zavz77kP1gPPdSg,Sports Central,2017-09-05T18:57:39Z,28347,2815015958,4720000
UCXIQcJ1TcFeMlF32vAOORLQ,Virgin Media Sport,2019-08-01T14:08:55Z,3356,93847583,156000
UCKbNOpmhmwBuJXXMYOg_txA,GQ Sports,2019-05-14T15:09:08Z,648,602688544,1300000
UCa98aY7eenHS_YhehF-vuEQ,Sky Sports Golf,2020-11-07T16:49:58.849975Z,921,29314948,62200
UCH_7bF90ySEVfWLXtn9HlWA,RT√â Sport,2013-08-21T15:58:06Z,1931,28939093,38200
UCfj4kQ6_mYO5r4hzX5KloVw,beIN SPORTS France,2012-05-15T09:20:04Z,14494,1671439264,2160000
UCxs_XQWreBMwQXZkfWaNhYQ,GOLIM SPORTS,2014-08-27T17:47:54Z,1220,13319963,107000
UClU5H7Pt_X5bIQd_LBUFFsA,GPB Sports,2013-09-13T16:14:06Z,1691,4013582,11200
UCu1FJLH2dp7dwKoCCGFkaMg,SPORT BILD,2014-04-10T11:25:22Z,8967,270135962,814000
UCET00YnetHT7tOpu12v8jxg,CBS Sports Golazo,2020-06-26T17:51:20.684238Z,6384,1545164679,1570000
UCZbNi5DqBvaOZygMl8HfjDQ,Sports Today,2020-09-19T12:03:47.043053Z,13336,129998649,263000
UC4SERffAlpCocARSI_BH3CA,UW Athletics,2013-03-15T19:38:46Z,3609,5010836,12500
UCdsoOlQl8E8p4sajQtY2UIw,NBC Sports Boston,2013-11-08T16:37:13Z,4630,38068947,57600
UCWw6scNyopJ0yjMu1SyOEyw,talkSPORT,2009-05-01T11:38:01Z,18050,1062222686,1450000
UC8C8WuWSsFjWFaTHcUQeQxA,VICE Sports,2005-12-27T23:53:33Z,553,276632815,1090000
UCmqfX0S3x0I3uwLkPdpX03w,Star Sports,2006-12-11T15:14:17Z,18330,2701624691,7210000
UCMGMiLSz3jiQiw-hRpRsSbA,Sports Dissected by COISKI,2016-05-12T22:45:26Z,406,76611108,345000
UC9pkqFpbiwpZ6vXwaaUV_FQ,Chat Sports,2014-12-16T21:02:46Z,8772,113424546,364000
UCBzDz6beXDfMtfxQdEutD_w,ITV Sport,2016-06-02T12:15:40Z,1069,155741890,293000
UC8sYt4QHV6ZgOyL57ATacwQ,WoodwardSports,2020-08-06T15:00:38.762193Z,7571,33560724,62500
UCZqQ3O9jIPw3b7WYw_vyn4g,Chatterbox Sports | Cincinnati Sports Talk & more,2019-07-14T14:27:04Z,1437,1898880,11700
UCPGJ6U6tzIKHubr5zFWFZLw,BYU Sports Nation,2009-03-05T16:37:44Z,10894,18285762,24100
UC3eNlJKuJzJfNQzLphGZW7w,Stanford Athletics,2007-12-19T16:37:50Z,2420,8876448,43700
UCGW17XIEU0AM-F8mwzhBYdw,vIQtory Sports,2016-12-05T14:53:27Z,127,3287649,24200
UCZjpA3YBPXvJv3pg4SPEjfw,Win Sports,2012-11-06T16:52:52Z,22781,573717519,1360000
UCZ7wY7MRDSygp63HIEfdQZA,Sky Sports Football,2022-08-01T09:58:32.940934Z,1948,391177035,409000
UCNxbq2vWbmXQeyZPGYTnT6Q,Channel 4 Sport,2012-03-07T17:28:06Z,1513,67748322,128000
UCPZOI6QrL73FQXoZEqgvOFA,TNT Sports M√©xico,2021-04-22T21:33:26.226453Z,4352,266044067,523000
UCHAnaPgALxTRs9RF8lxZI0w,Sports Spectrum,2010-07-14T15:34:06Z,1499,2194603,13200
UCyUaqZO8qOOdelVDPjJECLA,Hurrdat Sports,2022-05-25T16:22:32.235017Z,2243,3857105,7660
UCjWgUFeyDbeQ3Q_eVCup_7Q,National Academy of Sports Medicine (NASM),2008-01-24T00:08:52Z,1809,19705071,79400
UCTIwFB4ciFi5ZCIu-VlwaOg,Little Sports,2019-10-03T14:47:23Z,1020,174427522,955000
UCtz2up17s45WU2uVrI0VHlw,Locked On Sports Minnesota,2022-03-16T13:28:29.819596Z,1878,2070382,6930
UCxc3marqP9BJSkQ0_K4mqDg,SBT Sports,2014-02-14T14:36:48Z,3166,237781692,1070000
UC9dPWTGc09DgEPInEKE_WKg,Sports Explained,2021-09-21T00:31:23.916642Z,17,3190296,24100
UCJka5SDh36_N4pjJd69efkg,Savage Brick Sports,2017-01-21T18:01:03Z,675,656967664,552000
UCkd4takjjF1EGD1TKIK2QiA,Sky Sports Cricket,2020-02-27T12:35:44.811863Z,2042,215242803,549000
UCiPywDqO1dB34oxfEjjbQnw,Fubo Sports,2019-07-01T20:28:00Z,1647,91901500,229000
UCf8YPuOWXlpTS7RibaJlP4g,CBS Sports Golazo - Europe,2021-07-30T16:24:18.908629Z,911,41004162,92300
UCNU0Vv6U1xZS82cIQrgDeqw,Rabbitholebd Sports,2015-11-03T14:23:50Z,3090,1486347417,9200000
UCalwFtq-BVcszKLZ5k2vbLw,TVP Sport ,2011-03-21T13:03:37Z,6281,542711921,629000
UCr6Bv4M4Jsec9Xrc9lBOT7A,Sports,2015-06-10T19:55:53Z,62,13875782,45500
UCY_wPnc5xrvPekvHpLAvZvQ,Sports Gaming Universe,2011-04-26T06:33:48Z,18639,148163210,262000
UC8BwRPVvR0GPBa6h-F1H4XA,JioCinema Sports,2022-08-18T13:36:08.899123Z,3762,380659694,651000
UCYtNSrfGdXooZYu_hkq18_w,beIN SPORTS Asia,2017-01-03T04:14:16Z,30301,479576031,986000
UCEX1TT5u8pUdfOau_wDgaKg,Religion of Sports,2017-05-01T01:37:40Z,123,6144823,13600
UCJVU1UGN-YtwnAartLDdpIw,Nonstop,2020-01-08T07:33:23.448506Z,530,464864555,884000
UCdpbDsDj7ZVbkFqV2i7i84g,Midco Sports,2010-06-09T18:37:01Z,6317,6773764,10800
UCfzG_f8wyZbXdwxTCtikiIw,Marmita-sports,2019-01-04T07:54:35Z,3385,87249754,100000
UCs30f29MkDPs7rnY12r2GSA,Genius Sports,2020-04-28T11:40:01.886614Z,77,74156,964
UCcavZ-6Dj9XFqbgcPG72BZg,Rakuten Sports,2018-01-10T05:08:16Z,371,35265565,47800
UC7ABMCCA3gzt6VgnnQg9Kig,River Falls SPORTS,2014-06-26T20:12:46Z,1052,1137652,5160
UChr7ZXDFiPOEl543HM4Aj8g,MAGENTA SPORT,2017-11-14T15:10:27Z,10114,182902894,243000
UCJW9EhwdL5WU-2slOTvaBNg,Seahawks Today by Chat Sports,2020-05-29T12:19:28.880811Z,1515,14253949,50500
UCQt2RdjoCYq3hvDmWX94VNQ,J SPORTS,2011-03-09T05:36:27Z,1654,26526162,284000
UC4BgbEpgz53eYYOoQ4cJFsw,Bomber Sports,2013-08-16T19:21:40Z,1080,878039,4740
UCLo2AKP2axbd8Ij8dJCY2WQ,JD Sports,2010-04-13T14:17:47Z,470,150330551,294000
UCmhmKcSIi9DmpGV4qSt0Rlw,Digital 2 Sports,2021-06-03T17:39:04.737384Z,2200,270791931,911000
UCmzr4VZ0HQ7Pi_SK4bPtRUw,Play Sports,2011-07-01T16:33:12Z,949,16130582,74300
UCNyKhK1GI6CUbJ-BDtJ44DA,Sports United,2017-05-25T20:16:10Z,4919,362602208,1360000
UCNyKhK1GI6CUbJ-BDtJ44DA,Sports United,2017-05-25T20:16:10Z,4919,362602208,1360000
UCaoTOpfjVfdm_XlYvwbVicQ,FOX SPORTS AUSTRALIA,2012-08-14T07:18:08Z,3587,89251920,156000
UCxlgPWNLi8UInV0HHhfSQCg,Kentucky Sports Radio,2018-09-06T03:44:42Z,3926,13180389,28700
UC1HgRSC0w_DnIZW6rN19low,Five Reasons Sports Network,2018-03-28T01:17:15Z,8490,12208277,25900
UCU9qXmIDsn7qY4dlksXlPxw,Ball State Sports Link,2009-08-27T21:45:54Z,1957,1495028,1610
UC0YatYmg5JRYzXJPxIdRd8g,beIN SPORTS USA,2012-07-16T20:11:38Z,10038,291943570,801000
UCs-gmT5tSkb5-c_BXmCJ2Pw,A to Z Sports Dallas,2020-01-09T20:48:08.499159Z,1804,5919503,25200
UCPckg9pijh0KjJm4X0Xhviw,News24 Sports,2019-04-01T10:10:50Z,24752,2039718299,3290000
UC7wPqUbu5QtLKNqKnk9Ja2w,Locked On Sports Atlanta,2022-03-16T13:25:38.134411Z,2775,2527452,10800
UCQ8cM7o5Gu9l9G3fDP5Xpsg,Matchroom Multi Sport,2014-09-30T11:01:57Z,879,79182794,193000
UCFwF2ggZy7J-HE0Bc-LCKhQ,Montana Sports,2016-02-12T22:23:49Z,15692,5473049,5890
UCI6xsaYFLb2d9T9z4m6fCDw,Dibrou Sports Brasil,2020-01-14T03:09:09.863388Z,7040,163658227,579000
UCixBcYsH2sk8YFUJ3S-6_Bg,440 Sports,2020-06-24T14:46:55.904464Z,801,230075,1780
UCuOwl-VgqBHOzR8hWnonBcA,Sky Sport DE,2009-02-19T13:59:14Z,7288,736543778,1610000
UC3kxJQ9RfaS5CKeYbbFMi4Q,Sky Sports F1,2018-07-17T16:38:09Z,3260,319583598,732000
UCuGyKVhuCa_iattvhM4DlQQ,Sports Injury Physio,2014-06-28T09:00:45Z,261,14016432,150000
UCX2eNtU1ZG3x4OpdP2UIlJA,Prasar Bharati Sports,2014-11-18T09:38:39Z,6041,119898053,945000
UCIBNkFKpmUx0R4gDv6wqi-g,Sky Sports Darts,2021-11-17T14:04:58.676733Z,806,79304514,82900
UCiF5HFwipoXlNahMHMEII_g,The Sports Fury,2016-10-07T14:15:33Z,2174,77334885,245000
UC9LrQByjJFCGqUgvylTiVLQ,Jackson Krueger Sports,2017-04-12T07:02:14Z,4989,57178297,142000
UCLbe62TJjEM1a7gnvTIsxkw,The Action Network: Sports Betting Picks & Tips,2018-01-24T20:40:33Z,10801,12260723,52600
UCKhrVpHn0ghqn4WUANk5RvQ,Dolphins Today by Chat Sports,2020-05-30T12:33:11.62361Z,1389,14030398,55600
UC22Sr8bNYjAKqxLr-snMGnA,SG Sports TV,2010-04-30T06:43:20Z,4900,291903899,565000
UC3GSRnuKIZc1IFJSJiEYhdw,A to Z Sports Nashville,2016-01-25T17:09:30Z,5349,10255893,16900
UCef_O_ttXxlLP7dlk0-snlQ,World Sports,2016-05-06T16:07:35Z,4437,151756163,561000
UCoyaxd5LQSuP4ChkxK0pnZQ,EA SPORTS FC,2009-07-26T17:48:32Z,821,899232758,5100000
UCZDi95PJ6VmWtQAScA9Rh-w,DR Sports,2016-04-08T11:07:22Z,3397,175554388,351000
UCvx58rrfVhm3s_uktJOP0-g,SPORTS GAME MAXIMO,2017-09-02T11:58:56Z,4135,6048376,26000
UCm3-NocWw8YDQ6lfOb78ehA,UCLA Athletics,2013-08-19T20:47:11Z,6519,322112417,398000
UCRlq9UVLDa3jNRX14-XdT3A,Baseball Sports,2016-11-16T05:27:12Z,104,219881878,287000
UC5lMsDXNh9jbafkCOnoGfZA,The Athletic FC Podcast,2019-05-20T11:29:28Z,687,22681360,212000
UCk9zL0UlZ28uS7tlcguSLQg,Sports Card Investor,2019-05-15T01:20:01Z,1014,77256110,306000
UC59rc_knTtHbf5315NrYbVw,Forever Sports,2020-05-14T14:25:49.015256Z,3670,23626664,66300
UCOKEYIW6jRMpa8ex1xKJXEw,Baddog Sports,2014-10-09T14:12:08Z,2282,44829741,133000
UCm7aNg87CtuXIcqaVnajQcA,Chiefs Report by Chat Sports,2019-10-23T21:56:54.727366Z,1529,13956058,53200
UC86X0tzvfk12eAG9JYMp99w,EA SPORTS UFC,2017-04-18T22:18:35Z,59,10507439,79100
UCZFhj_r-MjoPCFVUo3E1ZRg,Whistle,2006-09-12T01:34:37Z,2849,1251351151,3100000
UCLo2xigvxv9ksxp78AyCBTw,ÿßŸÑŸÇŸÜŸàÿßÿ™ ÿßŸÑÿ±Ÿäÿßÿ∂Ÿäÿ© ÿßŸÑÿ≥ÿπŸàÿØŸäÿ© Official Saudi Sports TV,2011-04-01T18:49:29Z,22971,605812282,1750000
UCShQUnLofj5O3NokkdqnaGw,Audacy Sports,2019-08-01T12:03:43Z,3614,634778,5540
UC6IECRla3M96wzXqAv5azTg,G's Sports Central,2021-10-23T15:14:48.392451Z,209,10717632,32900
UCEXtuOW2PXheCM4RDKOEvUQ,LI Sports Network,2013-08-01T06:17:14Z,2241,1274260,6890
UCeksvr96LM7TMMdK3-vp9rQ,JAKIB Sports,2018-09-18T16:54:32Z,11473,31099531,46800
UCmd_TG_wO5FVWXsJvnWweMg,Zaleski Sports,2017-01-05T22:49:09Z,3172,2686094,11400
UC4jYX98dEhWxCl9x-21PL7w,Sports Club,2019-05-21T06:58:58Z,227,6380288,57500
UC9KX642L4_biZQ5rjlGoPow,Lions Talk by Chat Sports,2019-03-19T10:33:08Z,1587,12019452,65900
UCDjE0DwyYik5PHhxDvNYEdg,Remember Sports,2019-10-31T23:08:41.363783Z,9,833903,2360
UCcAKLXuMBv31m_dyMp6CQxA,Hoggard Sports,2020-10-21T15:45:27.480695Z,190,91011,3080
UCisgkf7-vE5k5sVhfSiUEow,NEXT SPORTS,2013-04-18T08:53:14Z,12044,988342639,2260000
UC3vWnIasv0wssZz2BHc3UYQ,Vietnam Sports News,2022-06-18T06:53:40.075819Z,315,18622813,48000
UC_r23ILOYKMgrwF5--zO3oQ,GP Sports Cards,2020-07-26T18:36:50.00466Z,408,2390116,15900
UCvsPgR_Dfe8tXWzSVteasqw,BTB SPORTS OFICIAL,2023-04-28T21:45:50.95192Z,1118,16452039,118000
UC4iJRId3Dcp18uTIRpYSAzQ,EA SPORTS FC ONLINE THAILAND,2013-06-05T04:33:28Z,1306,49141518,256000
UCifWD4FBa4eaKK7HLF0PlTA,Barstool Sports,2013-05-17T16:10:02Z,7789,1023206846,1730000
UCFA6YGp5lvgayO20lk7_Ung,EA SPORTS FC Pro,2017-03-23T02:40:31Z,717,52877768,574000
UCrbgxEwz6pkYukOPZSIlD2g,AYS Sports,2017-11-21T00:59:29Z,1402,1755744,7180
UC_WKb6N9iTGc77hxwXLDrbA,Sony Sports Network,2012-03-31T09:16:35Z,4326,494451513,4680000
UCzXkqrWMWa29miU2QqN6Odg,Helen Yee Sports,2014-12-05T03:39:15Z,1406,57237144,172000
UCdw-iIAVcWHdhVwWea3OjVQ,Sports Direct,2022-06-22T08:46:18.672116Z,108,11172776,21200
UC1k-fvQOa6jgBsA6A3FGaZg,ÂãïÊªãSports,2021-08-26T07:07:24.864382Z,1005,1937572,9260
UCNvMRTGKc_FG4RpfjRfh40Q,Ultimate Cleveland Sports Show,2022-03-29T14:19:56.651874Z,4462,18638213,38100
UCTU_wC79Dgi9rh4e9-baTqA,Sky Sports,2015-09-15T12:42:36Z,2327,69966596,455000
UCnDY7XxQmmKMJYUU6m2KYew,49ers Report by Chat Sports,2019-07-08T01:31:04Z,2256,36300055,131000
UCZbNi5DqBvaOZygMl8HfjDQ,Sports Today,2020-09-19T12:03:47.043053Z,13336,129998649,263000
UCgbtED-BzFX9LAktgMSaP8g,Table Rock Sports,2015-04-17T03:44:07Z,1932,664472,3290
UC5-aueB1RqpUc-EeAjtx9Lw,Flow Sport Club,2021-08-30T16:27:00.774668Z,961,79167648,919000
UCwN-ktbFVsbcbhvAthIwABQ,Game On Sports,2016-10-04T21:12:42Z,1224,618128,3720
UCS942XKQj8fdEBFmRefDCZg,KMA Sports,2020-11-13T20:00:25.858477Z,3073,275004,1630
UC0aiMoEKnP7vqEUyCH5OwcA,X Sports Network,2022-07-11T22:55:12.731129Z,1782,527360,2680
UCDfnam79n2tXXumz9i7jnIA,SCOTT Sports,2008-08-11T11:57:11Z,1011,43031223,171000
UC7uW12e8iBbt6mE_uaKVc6g,Supreme Sports,2023-02-20T19:12:02.586795Z,57,905803,10000
UC2MGuhIaOP6YLpUx106kTQw,International Federation of Sport Climbing,2009-12-25T11:37:53Z,1472,79915219,308000
UCcQkLDEfUn50ZO_wfkTyJZg,TOTAL SPORTS,2017-01-17T06:30:54Z,1885,16154505,69300
UCHxYDy5uZ3tCaM3fn2Y3U-g,Iqbal Sports,2022-10-15T12:13:48.267438Z,870,120400388,423000
UCDyAwFEdn0SJFKcVjmAfptA,Clutch Sports Media,2020-01-28T02:04:08.413929Z,295,805023,6540
UCZTkDIurWDElInXA0Q8VCrw,Vmax Sports,2021-06-25T10:17:32.040023Z,4034,51680391,90400
UCUDf7h4hV1g6Qrvjt4NdrNw,Oaktree Sports,2017-01-14T12:10:04Z,432,495599141,2060000
UCEqYcU4IEXvfWt0vtGA_Cww,Winnipeg Sports Talk,2021-02-17T19:21:02.392402Z,1103,3019519,11100
UCV5HXUHFR-yuSb7qDJ5_80g,Wide World of Sports,2017-11-17T02:13:44Z,5869,143743199,164000
UCHVTQQj5AKPIl8yNsahGNhA,Best Cable Sports Canal 6 - Oficial,2021-08-15T15:03:27.089212Z,2121,3711387,14800
UCgZft_ODSHTxW5YEPiI4xqQ,Sports & Entertainment,2016-02-13T16:46:52Z,2241,163133692,486000
UC-W2TmgeL6tEzvtvUU7cptg,CHGO Sports ,2015-06-17T21:51:51Z,5330,17503451,50300
UCVtKwsr4jcU8QZ2ucjZhGaA,Sports AAB,2022-03-27T12:45:28.642471Z,797,11748183,73300
UCaOvfE-4N9pm_36a2NYB8yw,Sky Sport Next,2019-10-31T22:42:16.400086Z,1971,8380168,41200
UCrGfdyiKjLQXk1vB5xkNv1Q,NBC Sports Bay Area & California,2013-12-06T18:18:18Z,6223,57577738,105000
UCeADv4IDX1SbUdZHpB35ooA,Browns Report by Chat Sports,2020-05-29T18:18:56.815626Z,1186,9179576,33500
UC0nyJ7BdKpnHQG1Xog3guXw,7070Sports.,2017-01-07T04:44:19Z,6037,195408577,657000
UCGcUIG8XrOF0XavvDVKI6tw,Giants Now by Chat Sports,2020-05-31T20:13:49.439539Z,1145,10150643,43200
UCVVufJg-CFctKL1-xpOt16w,BFBS Sports Show,2017-10-17T10:40:16Z,834,1220250,4970
UCvRkl4sHIgChIFxeTlbwAGQ,SL SPORTS,2011-10-07T03:28:04Z,2175,29615302,135000
UCl4w1C8seVdfhmvEGyJFrrQ,Roo Sports,2023-06-26T08:02:57.830582Z,44,63462,3230
UCNa_Zs9B97RwSH79EAthNpw,UAM Sports,2022-02-16T15:28:44.251303Z,261,272015,2220
UCNh-AvuiW0Z0t29vBfKe9tQ,Outdoor sports in srilanka,2015-01-02T11:06:39Z,60,1091947,14000
UC7jWDIp5wCn8UGpEkcUGq2w,Sport Thailand,2022-06-02T17:25:27.38675Z,92,16302724,87900
UCwNqHDsnBCKT-olwJwIFyfg,FOX Sports,2006-06-05T15:03:01Z,5049,587520296,1110000
UC8aOXvlqQqMlTFvbbAarD-A,DNVR Sports,2015-07-31T01:16:48Z,10077,39357109,71800
UCsO5qcpqeJ-kNms404eKXPw,PPTV SPORTS,2023-07-31T06:41:17.832737Z,1520,11096031,84800
UCauRUy2_6-l2-zxbGXiaKfQ,SPORTS ADS,2022-12-17T07:26:40.77511Z,390,776181,3320
UCFw1qLNT4tw321EyssMXC8w,Echoboom Sports,2013-05-29T19:14:20Z,1120,47705348,207000
UCRz7SRXbiTbNvN2Us0JvbdA,Virginia Sports TV,2014-08-28T22:30:38Z,8799,14962295,17000
UCVBRVivYTsAzvCWgniGc-sQ,Sports With Harshana,2023-12-28T03:42:03.084605Z,17,9223,391
UCZCbII4-VtdNwTRMxo611Bg,OneNimit Sports Tamil ,2023-04-23T15:50:22.190649Z,478,2760646,14700
UCRz7SRXbiTbNvN2Us0JvbdA,Virginia Sports TV,2014-08-28T22:30:38Z,8799,14962295,17000
UCVBRVivYTsAzvCWgniGc-sQ,Sports With Harshana,2023-12-28T03:42:03.084605Z,17,9223,391
UCXenWaHGZz4Ey4BObUUIyZQ,NBC Sports Philadelphia,2016-07-20T16:38:55Z,5797,82109414,108000
UCKTDCaYUdR2Wpv9_3a2DlMw,CBS Sports Radio,2015-07-13T15:54:28Z,6542,4512060,12000
UCeYHoKtMnuwtwPDAR5GOJZw,DAN Sports,2022-11-28T13:50:05.139079Z,15,7346,108
UCeH2ouVi9rAqGp7Drrp_q2Q,ADT SPORTS,2017-06-15T14:14:52Z,565,14243848,47300
UCqZQlzSHbVJrwrn5XvzrzcA,NBC Sports,2012-02-07T14:52:11Z,28484,3193685742,3690000
UCQqi1tif5ms9d99IKreR3-A,SaddleRock Sports Network,2022-07-10T22:51:17.174294Z,338,111091,1090
UCE-tvTfPNBcDqCpGscGRmwg,Quang T√πng Sports,2020-06-08T01:42:44.939607Z,920,23413479,54500
UC2zTXqHLEz56OG0EvS9SiFA,Raiders Report by Chat Sports,2018-02-13T20:42:38Z,3074,62702740,165000
UCGcW1IvvBzwUgOPNQsbUSSQ,Sports Wars,2017-01-02T16:19:10Z,3245,88888016,165000
UC1VU-FHvhbom5tPSCEB-e4g,Amazon Prime Video Sport,2020-02-11T16:35:46.052522Z,1584,236976267,606000
UCYEOwWjtYYc9gPf4dI4KKDA,DP Education Sports,2023-12-19T09:00:53.478624Z,110,195545,6990
UCWt0yfrBaUk148rxaOp4b4w,Êó•„ÉÜ„É¨„Çπ„Éù„Éº„ÉÑ„ÄêÂÖ¨Âºè„Äë,2022-03-14T09:40:10.080636Z,2394,84293238,127000
UCvdA3riZksba3Mji64PaNQw,NTV Sports,2018-10-30T09:23:26Z,13312,548241128,642000
UCfWaYoWWSlY-K2TJU0UW-pQ,J SPORTS ÈáéÁêÉ„ÄêÂÖ¨Âºè„Äë,2023-01-24T01:04:25.111568Z,384,15126348,39700
UCKaPEqS_Mc6eGNNBQN1QgQw,PHNX Sports,2021-09-09T00:08:20.383162Z,8018,12789832,25500
UC-MxP5JHqHDhIYzryBdPkUA,SOMOY SPORTS,2018-05-06T07:04:52Z,18479,233111816,626000
UCew5br5cO1ZKO7Z_F1WA8Bg,ThatsGoodSports,2012-06-01T05:32:41Z,2945,215146488,577000
UC34vLhjOu35pJwcfT92wPMw,Den√≠k Sport,2019-02-15T12:13:07Z,1388,16712164,26700
UCPUgmq6tpFXvE89R7q-tDwQ,Sactown Sports 1140,2018-03-20T17:16:17Z,4400,2806307,9240
UChFriWtnm5Q9gvbVAtfYnhg,SPU Sports,2009-07-30T16:50:56Z,3045,610508,2120
UCQk7fWv15ChjMJLCRVmtApw,World Athletics,2010-03-05T14:12:33Z,6975,793229817,1540000
UC4x0_RNxoNkfM8WtRWPoxWw,Driving Sports TV,2006-03-17T05:00:13Z,850,131953339,349000
UCZ5C1HBPMEcCA1YGQmqj6Iw,USA TODAY Sports,2014-11-06T19:39:38Z,5804,24242077,58700
UCHKtXGbqRIM0hA4Manb9DNg,Ada Derana Sports,2022-02-10T07:07:33.129339Z,225,3792796,23600
UC-QWXZz-U3UT39eEYzvjNYA,Daily Sports With Rahul,2023-10-08T17:35:58.963374Z,639,1949513,13800
UCQW8Xem_w55qrkwnL-jrI3Q,TNL Sports,2017-01-28T23:37:09Z,34,310656,2320
UCjFw-0Vdfy2KW78NClGECXw,Sports Yaari,2021-03-05T13:24:54.900923Z,14441,618521700,829000
UCzrdtk6p4SaakMz2ZmOkCQQ,ABS-CBN Sports,2009-01-19T08:02:59Z,24188,569180003,1590000
UCWFbO7e_LFBgyNJ2W7oMWhw,Sports Cards Live,2020-04-12T07:06:50.533646Z,690,747985,6410
UCwCr9YupfoTfGl9uIrDSX6w,Jim Riley | BALLCAP Sports,2007-01-19T13:32:49Z,1082,11360917,44600
UCpRRJy1szEIiumx1idE4-Mw,Knicks Now by Chat Sports,2021-07-16T14:55:01.648604Z,804,9121664,35900
UCW6cc5L2_35l18ZRfrfyXvg,Menace 2 Sports,2019-03-07T17:46:33Z,973,15320661,32800
UCqos51yz-JaNorbbSDQrlGw,Virginia Tech Athletics,2012-10-17T21:50:58Z,5204,11974268,19200
UCPL5fp6DaVlNPbT2yMIHM8w,A Plus Sports,2020-05-14T07:45:57.243287Z,1059,26787045,183000
UCgmuv-AeJj1EqsXUzDX6lng,Jersey Sports Zone,2014-05-01T17:33:34Z,15000,25211805,34700
UC21x83LT7sNeo-mbYbnqTFQ,Cowboys Report by Chat Sports,2018-06-04T22:16:32Z,2904,71214529,185000
UCt7hOSAxiFmIhRfIeN57gbA,519 Sports Online,2017-10-13T04:40:40Z,7622,6072915,13600
UCKd5sy7Cny19FDl7JaJuKiA,H&R Sports,2023-09-08T06:11:27.154614Z,524,3253868,26100
UCaN9720mbtCGefgjo5Qkr0A,Bears Now by Chat Sports,2020-01-06T22:44:25.022642Z,2138,33907572,88500
UC9RlMpGFSad0luREYDHB5eA,SPORTS  DAGAYA,2022-01-09T06:29:36.262353Z,299,125266,1650
UCddYvBABZ8J47nJxj-69RRw,Athletic Interest,2019-11-20T09:13:27.21269Z,118,89078386,678000
UCFwF2ggZy7J-HE0Bc-LCKhQ,Montana Sports,2016-02-12T22:23:49Z,15692,5473049,5890
UCwuq2H2MjplZFWEpw8FvLtA,Locked On Sports Today,2022-05-13T01:03:44.195173Z,577,801929,4330
UCKu376M0Ibl-qiv36GeCF9w,Stark Raving Sports,2017-05-30T17:38:29Z,530,46373440,152000
UC87xDZXJ4YbTkz4vs0UiT-w,Sigma Sports,2011-09-05T15:41:52Z,413,11786470,81000
UCbr35MjXKoVErWigIpr_EUg,SPORTS TO LIFE,2023-12-03T01:49:36.883477Z,22,39824,183
UCeGDyX4Uomem1uLJWVQKZhQ,Steelers Talk by Chat Sports,2020-06-01T02:02:13.21108Z,1124,10264363,47200
UCew5br5cO1ZKO7Z_F1WA8Bg,ThatsGoodSports,2012-06-01T05:32:41Z,2945,215146488,577000
UCWXRB09-2FkCFoS-J4ULwtQ,Sharpe Sports,2016-03-03T04:00:11Z,1571,55367459,257000
UCNTpMLLMQArRjkC6uMQ5AoA,Sports Show,2012-03-29T00:15:47Z,2456,8201172,45200
UCMFrzlTx_VjoaVMKG8PVXTg,Racing Lanka Sports,2019-08-28T02:00:40Z,82,484636,8550
UCNrdwNja1a3mNstniZzkl_A,Sports BB,2016-02-12T14:41:32Z,181,1737987,8150
UCqr4sONkmFEOPc3rfoVLEvg,Bob Does Sports,2021-09-30T13:12:19.250987Z,285,123916282,707000
UCjr1ycCjY2eRHgnT3-Ez-8A,Refugio Sports Network,2021-09-05T01:07:11.830494Z,598,279211,2540
UCclaMCC7OWXoTDOEsId7SWQ,Motor Sports Network,2017-10-31T07:33:42Z,120,221852,3830
UCAPNK_u9q-H45KDABKDV6EQ,Se√±al Sports,2023-08-28T22:06:11.669543Z,25,196631,10300
UCn2tHcfGe1pk3d4WeqyltNA,BBN SPORTS,2019-05-09T09:10:36Z,3315,199529224,496000
UCQItAB3FNnXBvCPUc7X2epQ,The Sports Breakdown,2021-08-22T06:58:40.220713Z,1390,659236,2620
UCyQslSmW6oTHlM8Xx3EBBIA,Hightop Sports,2021-06-09T00:11:54.359111Z,1683,7967432,20200
UCt1wR1fSFLQPxsNOlJGQBYQ,Haritha Sports,2023-04-26T11:24:19.324588Z,4,13863,203
UCVBEe2FrVmZMGbcPX7mNxJw,Shai Sports,2023-08-16T07:05:38.691601Z,31,34719,500
UCNKrpbtUDZd_CyJ5S1E91DQ,Action Sports Jax,2019-01-10T19:12:56Z,2448,1437079,4300
UCueaozAw_t672bEKO6oDWmg,Bookit Sports,2020-02-23T22:38:05.930619Z,1390,544066,4030
UCXDG9ue-emCN8Ad3h7lERqQ,One Sports,2015-02-09T09:58:42Z,24563,1873071275,4160000
UCqnnmBTkUvX2UXa38sK21-A,Spacequake Sports,2015-10-26T15:44:21Z,1527,2225633,4550
UCHySsgSdKQ3Ssq7lEN4i2-w,Ceylon Sports,2018-11-05T17:35:24Z,1333,2888355,55000
UCJgmcVz4Ljel5ogM893zYmA,Sports Lanka,2023-10-19T18:51:33.020723Z,108,68482,398
UC291FPKQ4NiSjNaGa7GrnAg,Indiana Sports Beat Radio with Jim Coyle ,2018-08-15T15:06:09Z,4387,2729764,4820
UCZMyWT6FtpSn_d5x1xkT_5A,Sports Now,2022-03-22T09:13:41.979964Z,5591,38999597,97600
UCsTniPI4f-TGvZzdowGGDPA,Denver Sports,2010-01-28T21:02:34Z,1445,1498060,9530
UCvmxFT3B0OpdrSSXHsa1_og,Trending Sports ‡Æ§‡ÆÆ‡Æø‡Æ¥‡Øç,2023-01-14T04:50:10.114617Z,628,208763,1860
UC8bbSMvbkTH0yZ5NK9lSksg,York Sports Network,2019-08-28T18:33:49Z,619,648907,3540
UCISdAFyPUnWxaF-vq8s_a7A,Athiradi sports,2023-03-15T15:10:13.452451Z,46,17215,129
UCyXqUEjwzowcvj1ILUAhAng,Run Pure Sports | We Build Winners. DFS & Bets,2020-04-15T04:30:36.959162Z,2837,3859259,18000
UCjjyJ7pD3ElozDaJ9oTUhjA,‡∂±‡∑Ä ‡∑Ä‡∑è‡∑É‡∂±‡∑è - Sports Team,2023-07-15T03:56:53.836028Z,303,3557554,13800
UCShLVk-hUR62uzKMhbFIe8w,UNFAIR SPORTS,2016-11-21T15:45:14Z,1164,3171289,13800
UCkvqm6th6tteUJB73gly1eA,LION SPORTS,2023-08-10T13:21:24.65306Z,54,10216,1260
UCOVjDO3KT5hNNvAc4crimag,Mostly Sports With Mark Titus and Brandon Walker,2023-08-02T20:24:08.469637Z,302,4320421,41400
UC4CWCCF4_yxNFcnO5rvUbjQ,Law Nation Sports,2013-12-27T22:41:44Z,6171,76024459,125000
UC2mt9QBzHmWlWlLkoUmQ_2w,Powcast Sports,2018-10-18T04:17:08Z,8646,181602689,584000
UCowTKWA6PYCOLLYwPNhECOA,Cric Smash Sports,2020-05-09T18:10:37.474774Z,20,543911,1780
UC79mHnook-fz0fXuJ66yY1g,In & Out Sports,2024-01-17T11:40:25.191666Z,6,432,62
UCXm0FsS7PXy0w5HeOkYMi7Q,ARV Loshan Sports ,2008-05-02T12:07:11Z,1712,14123729,59100
UC4GwxEf8uA4wBwqr_mBx_7Q,The Basement Sports Network,2022-07-12T04:30:23.631572Z,305,352534,2790
UCVfeAuAu_EOj0X1dYtZVnUw,CM Sports,2020-06-27T18:53:06.400018Z,477,903528,7920
UCSbOaPtMj0wBFhq-0BcFLXQ,Ten 10 Sports,2022-02-12T13:51:18.138837Z,898,3869792,27400
UC5LBdbRvzEZtVjIaezfZUuA,Natty State Sports,2023-11-15T18:34:12.96142Z,269,152540,2110
UCGykyrEpqbGYFAdNwCN_FXw,LANKA SPORTS,2016-06-01T00:51:47Z,7,355554,1500
UC1ubPKgULqtjFvt0AQZtO9A,Ufit sports Academy,2024-01-01T03:09:36.902614Z,213,206891,827
UCB9Tg1W49aXe5WAjprn7lvQ,Baseball Hockey Sports Crew - Topic,2016-02-26T10:05:32Z,75,3819704,3070
UCgA86SpQPEpmH3vLTZ8MeZQ,BBi Global Sports,2021-06-06T21:20:59.207937Z,158,7121,43
UCdiu_mtaOoqKDIXWDNuQ8iQ,Top Sports Debate,2022-02-27T04:09:10.850999Z,1410,2131124,21200
UCl4MTPltglPNCywt3m7pmKQ,iiN SPORTS LIVE,2023-02-14T12:07:02.409868Z,295,212504,1600
UCudQQW8HYW57HGhLnrJB0Rw,K Sports HD,2021-03-29T15:25:56.362726Z,94,1877500,20300
UCaNgfURBLtV2fZJaJo0yBiA,Elle Sri Lankan Sport,2022-10-12T17:10:11.203169Z,265,14542787,47800
UCUd4nofNcktUxl7MCEMeNxQ,Asenso Sports Channel Official,2023-03-21T08:17:58.787729Z,1057,289359,1850
UCbiOfMPYh8Sr1ZuC0Td304g,DJ Sports live,2024-02-15T05:13:05.155909Z,16,17780,414
UCEl0qh9X3kuL1RdFHng497Q,Sports News,2013-09-09T13:46:40Z,0,0,1030000
UCFdZGNZ38Uw5ykZ7C-4no8A,Reezonn Sports Network,2020-08-02T02:16:56.782713Z,859,527372,4850
UCBekknfS1UIRRkZW-vvR_Vg,BROTHERS SPORTS LIVE,2023-10-23T13:43:19.42172Z,536,676989,3800
UCo1pCHvZS6E-7g7og5p0-VQ,Dad Sports - Topic,2017-05-23T07:06:16Z,11,591056,2290
UCudQQW8HYW57HGhLnrJB0Rw,K Sports HD,2021-03-29T15:25:56.362726Z,94,1877500,20300
UC8yqK7LlTAhSICDXlkSpANg,Blue Blood Sports TV,2017-06-25T01:34:39Z,9136,204996517,254000
UCNBEqfNeg2p6PJ6tj1XlJWg,Sports Gaming ,2023-02-12T10:48:16.78006Z,961,242963,1000
UCZP2dMcHf5F-_sK5L07XrNA,Sports Coach - Topic,2016-12-03T01:01:02Z,96,184150,409
UCFfbx88JvKlFrv4qW5VeLIw,Sports with Dila,2021-02-17T05:56:43.09998Z,3,231,58
UC9UW7YOXYCBztzCMwb6YUTg,Dika Sports,2022-10-26T07:13:24.483342Z,916,1641760,10100
UCZ2vpsH5NyHHWMC27GDr6qA,Lifestyle Sports ,2015-04-05T13:32:19Z,81,780034,8680
UCCuZ8Chj6mll-_TbM9H-Z-A,The Sports Manager LK,2021-04-06T04:30:37.240087Z,48,41714,257
UC2Z7efQrVkG8-Xl7EQD6uRA,Traditional Village Sports,2022-01-09T18:21:03.993508Z,18,17918,582
UCNfEIL-qmDhUN9O35gFSsew,Sports 4X4,2022-03-19T17:06:35.100506Z,3698,3289430,16300
UCfwgUexJZgXLkgju0q096ww,Urwagasabo Sports,2023-12-14T09:13:01.668024Z,179,1365492,30900
UCLlIf9JTqtXkwzd-CVBAkWw,RJ Duke Sports,2018-09-13T20:23:33Z,615,146971,6510
UCrGsMh4QRrsu28e0_DyVxKg,Sports Bucket,2023-11-03T10:17:31.362582Z,52,4228,92
UCwJMt6vqqZAZwu-FESs35Cg,Sports Communicator,2023-04-10T17:43:45.593541Z,26,1889,78
UCvXIyoHJs7lOeV6messxQLQ,WORLD SPORT CRICKET,2021-05-16T01:25:02.560032Z,197,8160151,15600
UCW0nVHhYb8cNJ_uuV3s7LaA,Gramin Sports Live,2024-01-14T02:27:17.161429Z,96,9161,212
UCvWKenD65Hm_lwmzLKNBWVg,The Athletic Sports Band - Topic,2015-09-18T19:33:22Z,235,24458,65
UCviIu2ZJx0jEKQiFBIhroCg,ALL SPORTS uniT,2021-05-26T04:29:56.369149Z,39,1573181,9250
UCu-fnHBdTBSiyKmXHiF8_Mg,CHE Sports,2019-05-20T07:23:08Z,9,233,1
UC9LpeIZQHj7FHVlGWokP3vQ,Sports Zoom,2023-11-10T18:51:42.138571Z,1,11,1
UCgv4En6hbkY8Mh7e2IsSvxA,SPORTS VIEW,2021-03-08T14:01:10.395646Z,12,79181,118
UCxL7AvbULuoePp7E2n7tmhA,contortion and sports for life,2023-02-25T07:04:11.260606Z,97,171029,866
UCus3yr05Ba4xPc0421oTM_Q,JANA SPORTS,2020-11-01T13:06:32.878054Z,491,2489507,10600
UC_egY8mv-DPQP4e5QX7B5pA,sports life,2022-03-12T06:33:34.384564Z,44,40851,90
UC16HWjyGx93uUA_bBbL9epw,Sports-i,2023-04-26T09:28:35.126022Z,10,12515,170
UCDbgX9JfPnOdNreCoXZTufw,YOU SPORTS,2017-07-23T19:23:43Z,21,17390,47100
UCvxFwQkqlvLoDE6b6UrYKeA,Sports Vibes TV1,2023-07-03T05:28:20.551708Z,322,1685075,3260
UCNipgui7GNfuwHFxyrMEidA,NAMANA SPORTS,2023-03-11T06:23:37.592249Z,103,374903,3590
UCs_HAgoxWGIcGBHtEj73Drg,Sports Hub,2019-10-17T11:35:41.39971Z,60,2960,60
UCckyHV1WmGf_7Mfpef9GaEQ,Wickramagalle Sports Academy,2013-09-08T05:44:16Z,13,4444,63
UCqLZgX2d5FtjshCOrgitNxA,Sports World,2020-11-22T16:57:46.008163Z,72,69843,180
UCcKIME7UwzieFbPKXwu-jAA,Team of Sports Science TOSS,2020-01-28T06:51:41.460499Z,12,9181,1000
UCaDvlfVCK35lMeg9MlafXJw,S sports,2020-01-06T09:35:49.940907Z,27,625616,2420
UClUZhTRN10-LiMPEYB_V3tw,Sports Car With Saranga,2023-01-01T15:20:48.59565Z,12,9975,561
UCIelCYlHVKyz1DE0X5eHhyg,STYP Sports,2023-12-06T18:48:45.238709Z,1,3,3
UCkrVFDndNbouoynUEY6Rebw,Yankee Sports Zone,2023-12-23T11:40:42.146097Z,5,34,0
UCDQ5t6TSIpBrNftQr-St-iA,PA Sports - Topic,2013-12-21T03:49:42Z,524,27933573,18800
UCKqyIJiEnP9SvZGFpeJcjFw,Sports,2024-03-09T16:09:17.101275Z,0,0,0
UCAGz6D96AwjS8S7s1SSFtTg,Panini Sports Academy (Fu√üball) - Topic,2020-07-08T12:34:19.552667Z,178,48814,97
UCKmYdmWel_Wkei2ug3_dSCw,Lead Sports,2019-02-15T05:37:45Z,222,669637,2890
UCVh9Nnw6oKSli49Xtn7i1DA,RK Sports Kingdom,2023-06-02T15:29:36.94491Z,88,83012,347
UC-p79DmynjKdjR6qwhctQGQ,SEPN Sports,2023-11-23T06:38:33.869235Z,37,4351,915
UC_bC5yNPQmemZrOjeTRkiyg,IL SPORTS,2022-09-19T17:31:02.10175Z,43,41860,339
UC-TPAJpit-cnGUG-zWliKFw,Sri Lanka Sports,2012-01-17T12:10:44Z,281,2691171,7770
UCdwdjErTru1n6uOAeYyzeQQ,sports. - Topic,2017-04-25T07:38:07Z,32,308188,672
UCSqiD4XuBNE1p_sbepo73iQ,Sports - Topic,2018-10-23T22:32:28Z,63,5610676,3840
UCT6thTGs1bjIMRNPjtvdI5Q,Soft Sports - Topic,2021-06-23T20:07:00.698675Z,0,0,0
UCWAwckitM1fQWJed3aRkjXQ,HD Sports,2022-09-04T06:39:19.182608Z,8,273,4
UC0Jev8qN_XD77lkBCGBFxcA,SLK CRICKET SPORTS,2021-02-16T08:57:10.282593Z,395,43981,2120
UC4T9ziTep7x2f70l-QsWvgA,SL Games & Sports,2023-10-25T13:33:59.765658Z,43,22266,33
UCIz2iGlA6DijoyNjd8iMiMg,Dan Sports - Topic,2021-04-27T15:47:26.65146Z,1,291,0
UCGs3L0adEb2z4d9bSNrT0OQ,Sports home,2023-02-15T13:22:01.443674Z,51,97172,266
UCxc6sm5s4xWxyIKRiK_XyKA,Remember Sports - Topic,2016-08-07T05:30:12Z,89,745139,294
UCB-bKDercecJ4hatw_lL0oA,brother sports - Topic,2023-03-08T12:55:16.7592Z,8,1368,0
UCCpHupo2XdMo6tGOtLK5gQQ,Sports Saga,2021-10-12T13:36:18.081147Z,18,1039,18
UCdVrL-bkdRcJWBozRGyqgFw,MD SPORTS,2022-08-18T01:01:52.171226Z,48,368923,1400
UCwTWQFvf76Dq86OnUmi5IiA,SL TECH LALLNS SPORTS,2021-03-25T07:20:30.17669Z,25,32025,509
UC2ew4x3DhmtTYytgafKL6WQ,Forever Sports ,2024-02-19T08:45:29.467707Z,11,2593,17
UC1KaIi9_JnOIEjOUeriOU_w,World of Sports - Topic,2022-12-28T09:54:13.066676Z,0,0,0
UCHlF7RTmLByzq3At8x9fLtw,Sports with Kaveesha ,2023-11-30T14:37:24.600836Z,6,2591,34
UCQMJ8pK761B6XahtczUJXMw,AR Sports,2023-03-24T09:04:55.131337Z,2,10,5
UCMI53vYhAl8OSRLnjlDnD_Q,Sports X,2023-09-17T07:26:11.822718Z,97,19167,122
UCK_dFxksx6s_ThR9C_LScXg,sports ,2023-09-23T08:42:38.295118Z,1,2,0
UCbn6k5vG8bNX133lcfDPGXQ,World Championship Sports - Topic,2022-08-18T23:27:38.059744Z,0,0,1
UCrc__nychPneqZz1ymSIPLg,Entertainment & Sports & World & Animals ,2022-06-22T14:41:13.371198Z,78,41372,153
UCuoaY0OMNfv-PhjZeBZalEQ,vhs sports - Topic,2022-02-08T02:41:30.932982Z,8,26347,197
UCD1DEZD0eMnSWQXwvTSNfwg,Gaja Sports,2023-09-26T05:56:36.457323Z,8,1040,33
UCPEEHjeDtyKjozqHwxbvnXQ,SPORTS STUDIO+,2024-01-21T11:27:04.262164Z,14,151,3
UC7eOBnDMZWiKDetXqrm6iCA,UD Sports,2023-02-23T21:20:35.400504Z,11,760,40
UCC43OMLxEKrSEFzYvdlxYYw,Sports Ground,2021-11-04T15:36:48.63629Z,269,331679,1280
UCbYWrJOc0N4ZhOvZ8aQgMig,"Sports Ringtones, World Cup Soccer, Football & More Comedy Messages - Topic",2018-08-17T13:08:50Z,99,36978,20
UCORWMUSlZaesEyk2E7BYe3g,Sports Paradise VR - Topic,2021-02-06T16:37:39.235683Z,0,0,1
UCv6zqb9c9xFNWAurKeW8aYg,Good Sport - Topic,2023-06-02T18:58:05.002777Z,3,1259,25
UCvrTgoVsMXhqsxgx877kaWA,SONYHDHL-Sports,2024-01-29T08:29:34.962194Z,22,4665,24
UCV9rbu7ViGhVEUOxZdlCdog,DON SPORTS GAMING ONLIVE,2023-11-03T06:53:19.540486Z,12,376,3
UCSxfzWQiycMii2vNa1eVQ-w,Sports Quiz ,2023-08-24T15:41:18.889124Z,5,32,2
UCa9XAgg9JVRH7XZFCthqDig,SPORTS SHORTS,2022-11-30T08:08:14.748611Z,9,2661,2
UCDqfoIgakGLilWZ8qLNo1Sg,PariM Sports,2024-03-05T15:39:31.442705Z,0,0,0
UCkRadb8PeIJumfPPCYizk8Q,Sports - Topic,2023-12-01T15:27:47.114965Z,8,50,0
UC-Yafjvy3SACNZ_76oz567g,Sofascore - Sports live scores,2024-03-04T11:45:45.692139Z,0,0,0
UC3t4c0PnTura1mW1-MMsUvQ,Sofascore - Sports live scores,2024-03-10T11:56:13.780565Z,0,0,0
UCNEHHnRutFqdgbSIK6tYAHg,Sofascore - Sports live scores,2024-03-10T11:56:12.424695Z,0,0,0
UCYRQNUbgp1z-W6Hwd85O-KA,Sofascore - Sports live scores,2024-03-01T10:01:57.437957Z,0,0,0
UCK-VPPjW8R9mFN_DIYhq4gg,Tten sports,2021-09-03T09:51:56.106521Z,22,3076,212
UC0k_5mlSyQoGsf6p-qwvn4w,Sports Scope 360,2023-10-11T16:33:10.25408Z,2,2432,4
UCCGVxpXJK9yeMXPn0vxjUag,Slow Sports - Topic,2022-07-14T11:23:13.303571Z,4,16,0
UCMfc_enc6UH8DVoba3YUbUA,TOP SPORTS LK ,2022-10-16T00:51:22.321949Z,155,17698498,37900
UCI8oZKxwzxFUk4GktfSR44A,Sports & Music - Topic,2022-01-12T12:38:27.58826Z,10,2136,5
UCLcrF1PCU7B1aIvQFJrGAXw,Go Sports ,2023-10-04T11:57:25.746307Z,19,23511,64
UCW9AewojAReZAwOQwbfNGyg,El Negro Sports Tv - Topic,2023-01-03T14:01:13.152259Z,14,7013,17
UCUKxfExH8KA6dDyLx8utmvg,Sports for Kin - Topic,2016-05-11T10:42:54Z,11,318,3
UCzg9GD3utZa4TCmwJUCVapw,The Sports - Topic,2013-07-13T15:07:43Z,217,253431,306
UCG-S34e8sPjgvBwB5VZrDyA,The Big Picture: Sports in Society Podcast - Topic,2020-07-15T18:51:55.483872Z,4,265,2
UCXr6vfh81W2LUQXjtOyvBGw,We The Sports - Topic,2018-02-07T19:46:48Z,1,16,0
UCewidW3hD_k_6FTg39w1VBA,Sports Hits,2024-03-07T11:42:44.23549Z,10,378,1
UCxZ0HSTQH2rZPItemzGMQjA,Sports - Topic,2016-11-29T07:35:46Z,8,537,200
UCTM8VO9osQ6Vv2q33G_kDKQ,Sports Via YT,2022-06-04T02:53:00.115719Z,7,3440,26
UCI8oZKxwzxFUk4GktfSR44A,Sports & Music - Topic,2022-01-12T12:38:27.58826Z,10,2136,5
UCufq3rtXkXdRMQo9-JO3ajQ,Sports Shorts X,2023-12-31T21:10:16.848888Z,26,213831,654
UC8OIrgsUZUrbzvXPA_v0oow,V SPORTS,2019-06-14T13:43:18Z,22,8127,393
UCYDB_VDUSiT4qEcrKIYvuyA,Sports.lk(‡∑É‡∑ä‡∂¥‡∑ù‡∂ß‡∑ä‡∑É‡∑ä),2024-02-12T12:53:25.448844Z,8,46,7
UCLcrF1PCU7B1aIvQFJrGAXw,Go Sports ,2023-10-04T11:57:25.746307Z,19,23511,64
UCW9AewojAReZAwOQwbfNGyg,El Negro Sports Tv - Topic,2023-01-03T14:01:13.152259Z,14,7013,17
UCrGQmSRvn5Z0VDoSEL7G2bA,Sports & Leisure - Topic,2015-09-18T10:01:50Z,0,0,0
UCUKxfExH8KA6dDyLx8utmvg,Sports for Kin - Topic,2016-05-11T10:42:54Z,11,318,3
UC-GbfsrfPKPwR1n8lLtAGWQ,Sports Editz,2020-11-13T06:14:20.132102Z,2,682,6
UCzg9GD3utZa4TCmwJUCVapw,The Sports - Topic,2013-07-13T15:07:43Z,217,253431,306
UCG-S34e8sPjgvBwB5VZrDyA,The Big Picture: Sports in Society Podcast - Topic,2020-07-15T18:51:55.483872Z,4,265,2
UCXr6vfh81W2LUQXjtOyvBGw,We The Sports - Topic,2018-02-07T19:46:48Z,1,16,0
UCewidW3hD_k_6FTg39w1VBA,Sports Hits,2024-03-07T11:42:44.23549Z,10,378,1
UCxZ0HSTQH2rZPItemzGMQjA,Sports - Topic,2016-11-29T07:35:46Z,8,537,200
UCyWMPowSSIdX3SXlbnhRw_Q,KLUTCH Sports ,2014-05-02T15:45:57Z,25,115144,208
UCwH7FcF0Ws6YLIQn3S9XNgw,Sports Dreams - Topic,2019-09-05T11:19:26Z,13,7238,9
UCPdzRv7xpHr7vz2OBe95Nnw,ria sports,2023-05-27T01:38:35.624858Z,4,880,13
UCLh7qiVD3u4SJEs2DiOwHwQ,Soft Sports - Topic,2018-12-06T10:16:46Z,12,165,4
UCHTvJfC0wJh6_t24IWL5FPw,Sports? Sports. - Topic,2015-09-18T11:18:50Z,6,534,6
UCBSa3Q5WbuWdCiwm6KraVWQ,Altitude Sports,2023-04-23T08:29:06.409386Z,0,0,0
UCLrTEbaMg6RwhgWSvvsPjeQ,Sports 1st,2024-01-17T20:04:56.397737Z,3,138,5
UCsjoF4hmtru016aaTOERy5A,NTR SPORTS ,2024-02-21T07:39:19.072582Z,8,18286,73
UCoCQ_CkNsnAZKqZQ0B2gZAA,Rabbaniyyah Sports Club,2022-07-12T14:46:07.105686Z,27,4473,113
UCwTRNnncCkGAn9f4lGEFqFQ,Celebrity Sports Showdown - Topic,2019-02-13T10:56:35Z,0,0,9
UChSkbSs-iY6QQWbVld65v_g,sports editz,2023-08-03T12:04:17.204818Z,7,296,6
UC5oWeTon4Zkfrfo7zihCykQ,SPORTS - Topic,2022-05-07T11:18:11.374324Z,23,1726,8
UCKZURyJcJxkU2BqkjfNp47w,Alpaca Sports - Topic,2013-11-29T09:40:56Z,49,24217,148
UCVaXK5zS2T2reCZDYw8p2Fw,Sports Tamil,2017-06-26T09:46:16Z,2,57,1
UCuhKI52CMdHMkxsQC7rgO7Q,Sports - Topic,2017-11-01T13:28:03Z,36,7000,45
UCclVmMmqt60GlnlqAiJiFrg,sports.lk07,2021-04-02T23:33:12.531093Z,43,21700,62
UCnqwIS1MxsRpwWsn66KKGVQ,RAGEL MOTO SPORTS,2016-07-05T11:20:58Z,11,805,37
UC3X6p_XuvCRV5Gev2Uckx2g,sports-D site,2023-10-25T06:00:12.28302Z,3,318,10
UCbmKjynLDl0y27fnulTDwpg,Games & Sports,2023-11-01T13:38:59.042626Z,1,3,0
UCZT0YIoJv03z68OZQM5zl6g,Sri Sports House,2018-11-18T16:51:48Z,9,64174,337
UCRhpJnVnf_TvvnGQhnxcGmA,Funny Tv Sports ,2023-10-26T14:38:26.710949Z,2,1,0
UC_H44rEFo7dKo0AGhdm6iLQ,Sports Plus,2021-10-05T18:07:58.456407Z,4,199,499
UChBpOk1raDEQbCVbddulRyg,Olympics: Live Sports & News,2024-03-08T12:57:04.500116Z,0,0,0
UCyp54gkAdHNB28wUYgThqzg,Sports Hub,2023-11-08T16:42:35.823483Z,15,25,1
UCRdo4oOnBwnWfgV1UuosFwg,Estadat Sports - Topic,2022-03-25T13:18:18.540417Z,1,315,0
UCPeUx1AEnreJrKWKHu3enrA,YT Sports,2023-12-07T11:19:07.198804Z,5,36,4
UCaTlyKoEC4mQpWQPmXZjFqQ,KNT Ekamuthu Sports Club,2014-03-11T02:43:54Z,18,59324,311
UC7YpHL_KtKv5E-8FwP4Ci1A,Bad At Sports - Topic,2023-01-15T07:02:00.915255Z,2,48,0
UCnOB2vmmZcRGlDL5hMd3jbQ,Sports Analyst,2023-02-28T14:36:32.342229Z,207,193218,834
UCADd09cuzrvQhKB4giQj6FQ,Street Sports Baseball - Topic,2020-11-27T16:41:11.013189Z,0,0,0
UCWtdpa3Jj5tF69I9hj2Mg4g,Vamos Sports,2021-01-26T08:10:36.689927Z,5,1107,14
UCzHGnMmEKr94wN6WndPCv8w,ü•ÄSports Timeü•Ä,2021-06-25T11:50:40.947022Z,5,1251,4
UCvB94jTTensQ9NZL6089hWQ,Athletics - Topic,2022-06-23T20:37:17.033859Z,25,191721,318
UCvVqijhJjIeoms6Z0F5R1Og,JA Sports channel,2023-12-04T05:00:51.214552Z,2,17,2
UCiy8VQbKr6-eB5RasBzMIYg,Betway Live Sports Betting App,2024-03-04T16:23:57.723628Z,0,0,0
UCoNLXHXdUi5mzVvr7zg8N6w,Sports 1st,2022-09-23T06:21:48.509889Z,1,17,1
UCkFuSP8AUYMdRCmZCA16J8w,The Sports Geek,2020-04-08T04:34:08.815456Z,15,11508,1140
UCK1pGk9SqPM5dakrhHtkpbg,Sports Bro,2022-08-18T08:20:15.237767Z,3,40,3
UCMrTr94lYWrUzUjU2jA1rCw,Sports with - ‡∑É‡∂≥‡∑è ,2023-10-24T04:15:32.349142Z,30,543,27
UCKJbJkODewUvIMmm21MAdTw,Sports Story - Topic,2023-01-13T17:20:29.983106Z,0,0,0
UCc6JsP2bQ8Lw2juXuND7SwA,Sports Nis,2021-01-15T04:26:17.920019Z,144,77939,834
UC-EH09abWrh2DJgE3zKBWRw,Sports Day - Topic,2018-10-27T10:00:04Z,4,125141,232
UC_ABHUg321fPhFXSP4Ztvwg,sk sports edit#üòé,2023-11-25T07:48:31.41408Z,6,89,5
UCE9KcJy4BNLpCUL-HiYH2kg,PERADENIYA SPORTS CLUB,2024-03-01T00:12:26.307314Z,3,5,2
UCmjH52CYSJilBJKJVFgNX4A,World Sports Highlights,2022-09-28T18:09:20.755377Z,2,7,2
UCyLEvSGL2Lww-O7EH3wet4Q,US Sports YT,2022-10-03T18:16:46.777943Z,3,5,17
UCXhflwrmrIF2Hydmk_I-Btw,Sports Collective - Topic,2016-04-16T06:49:57Z,44,16278,23
UCrfuRupmgO-Y7ZcYhJUwZJQ,Sport Power - Topic,2024-01-10T07:31:08.57558Z,8,189,0
UCW195EVS2GrfozrqVkPKJ0w,SL Sports Cafe,2022-05-21T18:27:11.724583Z,119,64542,679
UCSrL2z_n77bb4btFipY9Lyg,Health & Sports,2010-03-05T09:55:11Z,10,507,10
UCsDMvEEK_a9gY7-du-H1zWQ,YR Music üé∂ and sports ‚öΩtv,2017-03-06T11:59:52Z,19,2846,13
UCQa3AYMIHkc8eWR1WXwPfcw,Cricket & Sports,2020-10-11T06:27:53.909716Z,7,242,86
UCF2CXMu789Fja5oG-6kws9w,"sports car, jeep, bike",2016-12-25T12:55:00Z,186,348588,1380
UCWUpCSA6araexiuJZdLwgHQ,Pure Sport - Topic,2023-04-04T13:14:38.07841Z,12,5253,29
UCMom80XxkY1pDLhTGbwHKgw,Sports Tamil,2023-03-29T13:51:37.714781Z,5,2942,4
UCZ3BayMWI4Mu68Asy9ruIPQ,GGA SPORTS,2023-05-30T08:45:42.997827Z,75,81046,582
UC2jXRDfFBSxoMKzqhYMciqg,wow Sports photography,2023-11-24T17:35:58.641196Z,68,11820,137
UCwE0-zhyDYsuQ-xCOu-sX9g,sports denki department - Topic,2023-11-17T10:52:11.117954Z,6,234,3
UCtjsIVNlASgHL3ctbANSdpg,AB Sports HD,2021-02-07T12:15:39.512713Z,18,30683,93
UCSoN3Bu-74Inb3PllJeRG0w,üíÄ  ‚Ä¢SPORTS‚Ä¢ ‚öΩÔ∏è,2023-06-06T11:56:03.080041Z,5,48,7
UCae9T4yV0Grq7jrq4jZpPdw,Sports Here,2021-12-11T07:36:42.920285Z,12,1965,11
UC1XfSYTp5dncJNxhasvofnQ,wold sports,2023-09-04T16:19:27.531931Z,4,2598,11
UCgoMLQTIkuYcteLV1j-qq7g,Royal Sports Club,2023-06-05T05:04:31.149086Z,93,65392,176
UCZQlpNHAo7MdwPwz-aopkSQ,CR Sports 46,2023-03-03T17:44:43.302818Z,42,45279,125
UC8zpk7Sg4V4X_Szzch46u-Q,Sports safety nets,2024-03-04T05:08:57.869265Z,0,0,0
UCuo4aBXeJk6vq7r3PDEHN9w,O.M.V Sports,2023-02-06T13:06:04.189228Z,41,1817,58
UCHwgp60ias4UbCO9scy65IQ,sports edition ,2023-05-13T09:53:05.690788Z,26,21082,103
UCpnnCB0bicZ6W7EB-PlEfUQ,HD sports ,2023-07-16T15:14:38.074201Z,1,1,0
UCls8OQwRkVcwNth0YC6qVEg,Tik sports,2024-01-01T12:16:24.501035Z,6,24,1
UCAeGBQ4b-nl-iVIAYseR20A,Sports Bra - Topic,2013-12-20T20:10:36Z,23,5729,53
UCn9WJL6qqDpBLCRf-rSN2zA,Sports Stars Sports Club (SSSC),2022-06-03T01:44:56.399059Z,8,844,21
UCuwCqmU0XqxmZd5q7K8EZxA,talkSPORT BET: Sports & Casino,2024-02-27T11:08:31.858828Z,0,0,0
UCaxqXR_fUZgjZw7nOvi6vsQ,Le Sport - Topic,2013-09-13T18:12:22Z,33,15242,47
UCuQSsLdwhth1l9t0phPfBdw,sports dayya,2021-08-30T09:49:11.502146Z,3,68,2
UCkyVTUInqdXyIy6RdI_b8dg,Sports Tv,2018-02-16T13:34:07Z,24,4829,32
UC39-lEOBUuyNL_ZaC9cEt6w,Sports Illustrated for Kids: Football - Topic,2024-01-19T08:56:14.46413Z,0,0,1
UCwMiGwOHoOuOE1I3BsGQQIA,HM Sports,2023-02-04T05:08:44.802122Z,10,1516,21
UCRvvZjreeqgkPUBjxhKKyhQ,ALL SPORTS ,2022-09-10T19:15:30.803187Z,3,11,0
UCUs0EBkb15AtO8VzmTLM7Mw,MD SPORTSüèè,2022-05-29T02:51:28.117306Z,11,101738,503
UCw1v-vhQfDE1SYtBoKC-b5A,sports@#short,2020-05-24T17:10:59.649924Z,10,406,0
UC2leuBOptDAmy9M-JT8UTLw,SN SPORTS,2020-12-16T11:07:54.528638Z,60,14275,151
UCmzC74_w4kN41zOC_b8gUKQ,PR SPORTS,2020-11-04T09:55:09.512042Z,858,758633,807
UC6L1BT0YajxsMCXaLUfHM_Q,Blink Of Sports,2016-03-18T11:39:55Z,4,683,21
UCzw0pAq6gt1JeVYbVXALohA,G&N Sports 1st,2023-09-02T08:39:29.25574Z,1,1,0
UCOuEmEB8qlds-kNieo6XrYA,Xeagle Sports,2021-10-27T17:02:38.776423Z,58,68570,99
UCmzC74_w4kN41zOC_b8gUKQ,PR SPORTS,2020-11-04T09:55:09.512042Z,858,758633,807
UC6L1BT0YajxsMCXaLUfHM_Q,Blink Of Sports,2016-03-18T11:39:55Z,4,683,21
UCzw0pAq6gt1JeVYbVXALohA,G&N Sports 1st,2023-09-02T08:39:29.25574Z,1,1,0
UCzs_KcSi5ScOK0YYKFWq1bA,Multi Sports - Topic,2020-02-10T19:28:23.610531Z,0,0,0
UCOuEmEB8qlds-kNieo6XrYA,Xeagle Sports,2021-10-27T17:02:38.776423Z,58,68570,99
UCUVCv62rJs_tHVtl3HSDnLQ,Sports,2022-12-22T15:38:10.597905Z,2,1235,6
UCyY0DYcFK68HJ55H5X_-RgA,Wheelchair Sports Camp - Topic,2017-01-09T07:23:29Z,12,13702,261
UCKH4UVPMU1JjRNW53d4kmrg,KGK Sports,2024-02-06T16:05:16.73667Z,3,62,0
UCLL2FsmtNlB7C5ytNdMy5hw,Stereo Sport - Topic,2018-10-24T07:04:27Z,11,340,1
UCVMRan_9RmUaF_pUlQ8IMVg,Sports Illustrated: Championship Football & Baseball - Topic,2019-03-24T09:17:38Z,0,0,0
UCaoey1Wug-XGWOUuoLgYL6Q,World Sports Competition - Topic,2017-04-12T08:56:16Z,0,0,0
UCCO_1lL-olWZR7nYNYVG0dw,SPORTS UPDATES,2023-03-27T10:28:07.244841Z,2,192,1
UCSsG-kXr0r4dbOwZv-beXIw,Sports pastime,2021-08-24T05:19:58.089595Z,5,2565,11
UCDGY16hQNe923FlBLefwvsA,Sports Film Fest - Topic,2023-08-04T06:27:59.837115Z,1,2,0
UCLv13oXv8wYRqrZIgSKt9AA,Poor Sports. - Topic,2023-03-09T12:33:24.100964Z,1,85,0
UCnewHZtPdhBqSbqTPwmedKg,Looney Tunes Galactic Sports - Topic,2023-03-07T17:15:11.9654Z,0,0,5
UCb4N_CWbiqnVm0_CBQCCeVw,Odania Sports Arena - Topic,2022-11-06T09:22:36.782427Z,0,0,0
UCKqJZfWCovMt1Qc2hCreNhw,NIC Sports,2020-04-18T17:29:56.279837Z,2,146,6
UCLrj6hDfxolF9tSm_Nki4Hg,Drive Ahead! Sports - Topic,2017-08-16T08:12:46Z,0,0,39
UCW2txhXAcoXkNoO1ED8-Npw,CHAYO Sports,2023-10-16T11:11:53.98387Z,1,3,2
UCMIyGMIV6lCB-QoQ25dt9Qw,Old Sport - Topic,2023-04-11T12:29:11.631301Z,6,39553,26
UCa1jKx6_AV5JyUpgto9cUYg,fire sports,2021-03-29T16:47:45.459699Z,4,488,23
UCpPoEDlWkeczqv_DcWD2UGA,SPORT CLUB,2023-07-30T04:19:24.342467Z,8,347,204
UCAxJnEuaE_G6e3QYPRDntCQ,Backyard Sports: Sandlot Sluggers - Topic,2020-05-24T16:48:48.377595Z,0,0,21
UCfTwQ6WZvMv5oJDsUUh5ysQ,Sports Reference - Topic,2022-11-02T23:43:03.347533Z,9,410,3
UCO5bjQc-9XbmT4qcbB-_1UA,MRH Sports ,2022-12-23T16:02:20.792503Z,4,47,8
UCAHu2tVZKrnMuHPqG1Fm1Ig,FastTrack Sports,2023-07-17T17:27:42.436998Z,4,232,9
UCuklwGj10WvxGWaZX6v_BLQ,sports j,2023-06-13T01:00:45.855811Z,18,1075,25
UC0DjgRmcB9oCN3OdveJMDAw,Kibi Sports - Topic,2023-10-26T16:18:01.52984Z,2,85,0
UCTYCZVtFhWt48pnLKkrIBmA,I.K. Dairo & His Blues Sport Band - Topic,2021-03-26T11:42:46.95467Z,3,36637,299
UCAZxqb2NtYjwhz_W5iXrQaA,Cordula Sport - Topic,2023-06-16T05:38:14.900971Z,2,1361,4
UCrPU0lQQzEMuh3_O5vhKdBQ,unit sports,2023-08-30T18:31:00.992744Z,8,95,17
UCOYxZuF0GVpx4GhmefZSdDw,BetVictor Sports Bets & Casino,2024-02-27T11:04:42.268068Z,0,0,0
UC1LPSq_9oRx0G4cSdhL4CPg,Julinho Sporting FC - Topic,2023-12-15T01:16:57.973922Z,16,411,2
UCybMzChucZFM45nwwK64S-Q,Sports Club ,2023-12-16T16:41:10.970455Z,10,416,2
UCI7p_bjGW251aNbxKVIZefw,Cee Sport Big Ceeza - Topic,2023-09-24T16:39:42.682347Z,4,8,0
UC49NJ81CnAeWBhEAHYQXofg,Nintendo Wii Cyberbike Cycling Sports - Topic,2024-02-08T09:33:56.050538Z,0,0,0
UCkF2kBarmMWWR7MvppwhYtg,World Sports Shorts,2023-05-19T15:24:18.246039Z,3,3266,17
UCD30Pk_jkQ2a8NyBcGX2lEw,JM SPORTS,2023-04-26T08:32:25.842035Z,5,96,23
UCnQURUjgJJWXMvrQQA5HGdg,Sports Runner,2023-07-04T04:16:24.070962Z,2,30,1
UCWqH71qaEd2qKYMNN7MahrA,Switch Sports - Topic,2022-03-16T00:45:32.742573Z,0,0,45
UCtEWJX8qe52_9MZLSV8u_yQ,Sports Boyfriend - Topic,2023-03-10T01:38:10.285874Z,3,336,1
UCw8B3HF1z9oBDgY285tMLxg,Watha Sports,2023-08-09T18:25:02.078072Z,10,149,11
UC7LvWYdwTMys95Zrpid4rOA,MUSIC FOR SPORTS AND GYM - Topic,2023-04-25T20:32:58.569906Z,0,0,2
UCSXu3rXonslBKRvUm0OxXVQ,Sports First,2020-08-22T19:24:37.308054Z,4,272,41
UC1hUiPN946eILgwZ19CjnbQ,R Sports network,2023-02-21T17:55:27.282451Z,75,8793,30
UCE8-f_QcKVjwN4X_jP5kbSA,SPORTS 359',2020-06-16T00:06:37.577604Z,7,242741,588
UC65_wS-gv5lFHMjjg8PB7Jw,Sports Feats,2023-08-15T18:29:51.678416Z,38,15831,75
UCSFDMU5jiMDTNMmlqltrSpA,SPORTS GAMING,2022-10-24T04:01:29.132981Z,35,2240,7
UCrR06AuusAx_wRmK4tNVuKA,Sports Pavilion,2023-09-01T19:36:35.525416Z,1,111,2
UCUMmj5OqOtHKcLaCC9W0wfQ,SHAKTHI SPORTS CLUB,2024-03-03T15:04:54.319534Z,1,74,7
UCqhHVPzd6H0ex5ah43TG6ZA,Sports club ,2024-01-10T08:10:13.79796Z,3,26,4
UC1ZbLig77xKYDB2cMhDddrg,Sports Plazz,2023-07-08T11:38:50.306877Z,1,8,1
UCuw7yEPkoDxgkHVqafq-o8A,Sports 365 Live Chanel,2018-04-17T19:59:43Z,28,360400,608
UCurcOeWONJE1v7cKGpniwtg,A Sports Network,2023-10-06T07:10:36.756122Z,47,3049,187
UCsCyYxxzG1oOFEaH2HoKz-g,Sports x,2023-08-04T04:37:45.22868Z,69,47514,88
UCC0PwgMUKE3eNfq4zGXiNEw,TC sports club,2023-06-28T16:47:15.289946Z,5,22,7
UCNv4Oc_Zv6UhzqI0tU8XX1Q,Sports Network,2023-09-16T05:30:00.440173Z,3,49,4
